name,pokedex_number,generation,type1,type2,height_(m),weight_(kg),base_total,hp,attack,defense,sp_attack,sp_defense,speed,image_url,against_bug,against_dark,against_dragon,against_electric,against_fairy,against_fight,against_fire,against_flying,against_ghost,against_grass,against_ground,against_ice,against_normal,against_poison,against_psychic,against_rock,against_steel,against_water
bulbasaur,1,1,grass,poison,0.7,6.9,318,45,49,49,65,65,45,https://raw.githubusercontent.com/PokeAPI/sprites/master/sprites/pokemon/other/official-artwork/1.png,0.5,1.0,0.5,1.0,2.0,1.0,0.5,0.5,0.5,1.0,1.0,1.0,1.0,0.25,1.0,1.0,0.5,2.0
ivysaur,2,1,grass,poison,1.0,13.0,405,60,62,63,80,80,60,https://raw.githubusercontent.com/PokeAPI/sprites/master/sprites/pokemon/other/official-artwork/2.png,0.5,1.0,0.5,1.0,2.0,1.0,0.5,0.5,0.5,1.0,1.0,1.0,1.0,0.25,1.0,1.0,0.5,2.0
venusaur,3,1,grass,poison,2.0,100.0,525,80,82,83,100,100,80,https://raw.githubusercontent.com/PokeAPI/sprites/master/sprites/pokemon/other/official-artwork/3.png,0.5,1.0,0.5,1.0,2.0,1.0,0.5,0.5,0.5,1.0,1.0,1.0,1.0,0.25,1.0,1.0,0.5,2.0
charmander,4,1,fire,N/A,0.6,8.5,309,39,52,43,60,50,65,https://raw.githubusercontent.com/PokeAPI/sprites/master/sprites/pokemon/other/official-artwork/4.png,2.0,1.0,0.5,1.0,1.0,1.0,0.5,1.0,1.0,2.0,1.0,2.0,1.0,1.0,1.0,0.5,2.0,0.5
charmeleon,5,1,fire,N/A,1.1,19.0,405,58,64,58,80,65,80,https://raw.githubusercontent.com/PokeAPI/sprites/master/sprites/pokemon/other/official-artwork/5.png,2.0,1.0,0.5,1.0,1.0,1.0,0.5,1.0,1.0,2.0,1.0,2.0,1.0,1.0,1.0,0.5,2.0,0.5
charizard,6,1,fire,flying,1.7,90.5,534,78,84,78,109,85,100,https://raw.githubusercontent.com/PokeAPI/sprites/master/sprites/pokemon/other/official-artwork/6.png,4.0,1.0,0.5,0.5,1.0,1.0,0.5,1.0,1.0,4.0,1.0,2.0,1.0,1.0,1.0,0.25,1.0,0.5
squirtle,7,1,water,N/A,0.5,9.0,314,44,48,65,50,64,43,https://raw.githubusercontent.com/PokeAPI/sprites/master/sprites/pokemon/other/official-artwork/7.png,1.0,1.0,0.5,1.0,1.0,1.0,2.0,1.0,1.0,0.5,2.0,1.0,1.0,1.0,1.0,2.0,1.0,0.5
wartortle,8,1,water,N/A,1.0,22.5,405,59,63,80,65,80,58,https://raw.githubusercontent.com/PokeAPI/sprites/master/sprites/pokemon/other/official-artwork/8.png,1.0,1.0,0.5,1.0,1.0,1.0,2.0,1.0,1.0,0.5,2.0,1.0,1.0,1.0,1.0,2.0,1.0,0.5
blastoise,9,1,water,N/A,1.6,85.5,530,79,83,100,85,105,78,https://raw.githubusercontent.com/PokeAPI/sprites/master/sprites/pokemon/other/official-artwork/9.png,1.0,1.0,0.5,1.0,1.0,1.0,2.0,1.0,1.0,0.5,2.0,1.0,1.0,1.0,1.0,2.0,1.0,0.5
caterpie,10,1,bug,N/A,0.3,2.9,195,45,30,35,20,20,45,https://raw.githubusercontent.com/PokeAPI/sprites/master/sprites/pokemon/other/official-artwork/10.png,1.0,2.0,1.0,1.0,0.5,1.0,0.5,0.5,0.5,2.0,1.0,1.0,1.0,0.5,2.0,1.0,0.5,1.0
metapod,11,1,bug,N/A,0.7,9.9,205,50,20,55,25,25,30,https://raw.githubusercontent.com/PokeAPI/sprites/master/sprites/pokemon/other/official-artwork/11.png,1.0,2.0,1.0,1.0,0.5,1.0,0.5,0.5,0.5,2.0,1.0,1.0,1.0,0.5,2.0,1.0,0.5,1.0
butterfree,12,1,bug,flying,1.1,32.0,395,60,45,50,90,80,70,https://raw.githubusercontent.com/PokeAPI/sprites/master/sprites/pokemon/other/official-artwork/12.png,2.0,2.0,1.0,0.5,0.5,1.0,0.5,0.5,0.5,4.0,1.0,1.0,1.0,0.5,2.0,0.5,0.25,1.0
weedle,13,1,bug,poison,0.3,3.2,195,40,35,30,20,20,50,https://raw.githubusercontent.com/PokeAPI/sprites/master/sprites/pokemon/other/official-artwork/13.png,1.0,2.0,1.0,1.0,1.0,1.0,0.5,0.5,0.25,4.0,0.5,1.0,1.0,0.25,2.0,0.5,0.5,1.0
kakuna,14,1,bug,poison,0.6,10.0,205,45,25,50,25,25,35,https://raw.githubusercontent.com/PokeAPI/sprites/master/sprites/pokemon/other/official-artwork/14.png,1.0,2.0,1.0,1.0,1.0,1.0,0.5,0.5,0.25,4.0,0.5,1.0,1.0,0.25,2.0,0.5,0.5,1.0
beedrill,15,1,bug,poison,1.0,29.5,395,65,90,40,45,80,75,https://raw.githubusercontent.com/PokeAPI/sprites/master/sprites/pokemon/other/official-artwork/15.png,1.0,2.0,1.0,1.0,1.0,1.0,0.5,0.5,0.25,4.0,0.5,1.0,1.0,0.25,2.0,0.5,0.5,1.0
pidgey,16,1,normal,flying,0.3,1.8,251,40,45,40,35,35,56,https://raw.githubusercontent.com/PokeAPI/sprites/master/sprites/pokemon/other/official-artwork/16.png,2.0,1.0,1.0,0.5,1.0,1.0,1.0,1.0,1.0,2.0,1.0,1.0,1.0,1.0,1.0,0.25,0.25,1.0
pidgeotto,17,1,normal,flying,1.1,30.0,349,63,60,55,50,50,71,https://raw.githubusercontent.com/PokeAPI/sprites/master/sprites/pokemon/other/official-artwork/17.png,2.0,1.0,1.0,0.5,1.0,1.0,1.0,1.0,1.0,2.0,1.0,1.0,1.0,1.0,1.0,0.25,0.25,1.0
pidgeot,18,1,normal,flying,1.5,39.5,479,83,80,75,70,70,101,https://raw.githubusercontent.com/PokeAPI/sprites/master/sprites/pokemon/other/official-artwork/18.png,2.0,1.0,1.0,0.5,1.0,1.0,1.0,1.0,1.0,2.0,1.0,1.0,1.0,1.0,1.0,0.25,0.25,1.0
rattata,19,1,normal,N/A,0.3,3.5,253,30,56,35,25,35,72,https://raw.githubusercontent.com/PokeAPI/sprites/master/sprites/pokemon/other/official-artwork/19.png,1.0,1.0,1.0,1.0,1.0,1.0,1.0,1.0,1.0,1.0,1.0,1.0,1.0,1.0,1.0,0.5,0.5,1.0
raticate,20,1,normal,N/A,0.7,18.5,413,55,81,60,50,70,97,https://raw.githubusercontent.com/PokeAPI/sprites/master/sprites/pokemon/other/official-artwork/20.png,1.0,1.0,1.0,1.0,1.0,1.0,1.0,1.0,1.0,1.0,1.0,1.0,1.0,1.0,1.0,0.5,0.5,1.0
spearow,21,1,normal,flying,0.3,2.0,262,40,60,30,31,31,70,https://raw.githubusercontent.com/PokeAPI/sprites/master/sprites/pokemon/other/official-artwork/21.png,2.0,1.0,1.0,0.5,1.0,1.0,1.0,1.0,1.0,2.0,1.0,1.0,1.0,1.0,1.0,0.25,0.25,1.0
fearow,22,1,normal,flying,1.2,38.0,442,65,90,65,61,61,100,https://raw.githubusercontent.com/PokeAPI/sprites/master/sprites/pokemon/other/official-artwork/22.png,2.0,1.0,1.0,0.5,1.0,1.0,1.0,1.0,1.0,2.0,1.0,1.0,1.0,1.0,1.0,0.25,0.25,1.0
ekans,23,1,poison,N/A,2.0,6.9,288,35,60,44,40,54,55,https://raw.githubusercontent.com/PokeAPI/sprites/master/sprites/pokemon/other/official-artwork/23.png,1.0,1.0,1.0,1.0,2.0,1.0,1.0,1.0,0.5,2.0,0.5,1.0,1.0,0.5,1.0,0.5,1.0,1.0
arbok,24,1,poison,N/A,3.5,65.0,448,60,95,69,65,79,80,https://raw.githubusercontent.com/PokeAPI/sprites/master/sprites/pokemon/other/official-artwork/24.png,1.0,1.0,1.0,1.0,2.0,1.0,1.0,1.0,0.5,2.0,0.5,1.0,1.0,0.5,1.0,0.5,1.0,1.0
pikachu,25,1,electric,N/A,0.4,6.0,320,35,55,40,50,50,90,https://raw.githubusercontent.com/PokeAPI/sprites/master/sprites/pokemon/other/official-artwork/25.png,1.0,1.0,0.5,0.5,1.0,1.0,1.0,2.0,1.0,0.5,1.0,1.0,1.0,1.0,1.0,1.0,1.0,2.0
raichu,26,1,electric,N/A,0.8,30.0,485,60,90,55,90,80,110,https://raw.githubusercontent.com/PokeAPI/sprites/master/sprites/pokemon/other/official-artwork/26.png,1.0,1.0,0.5,0.5,1.0,1.0,1.0,2.0,1.0,0.5,1.0,1.0,1.0,1.0,1.0,1.0,1.0,2.0
sandshrew,27,1,ground,N/A,0.6,12.0,300,50,75,85,20,30,40,https://raw.githubusercontent.com/PokeAPI/sprites/master/sprites/pokemon/other/official-artwork/27.png,0.5,1.0,1.0,2.0,1.0,1.0,2.0,1.0,1.0,0.5,1.0,1.0,1.0,2.0,1.0,2.0,2.0,1.0
sandslash,28,1,ground,N/A,1.0,29.5,450,75,100,110,45,55,65,https://raw.githubusercontent.com/PokeAPI/sprites/master/sprites/pokemon/other/official-artwork/28.png,0.5,1.0,1.0,2.0,1.0,1.0,2.0,1.0,1.0,0.5,1.0,1.0,1.0,2.0,1.0,2.0,2.0,1.0
nidoran-f,29,1,poison,N/A,0.4,7.0,275,55,47,52,40,40,41,https://raw.githubusercontent.com/PokeAPI/sprites/master/sprites/pokemon/other/official-artwork/29.png,1.0,1.0,1.0,1.0,2.0,1.0,1.0,1.0,0.5,2.0,0.5,1.0,1.0,0.5,1.0,0.5,1.0,1.0
nidorina,30,1,poison,N/A,0.8,20.0,365,70,62,67,55,55,56,https://raw.githubusercontent.com/PokeAPI/sprites/master/sprites/pokemon/other/official-artwork/30.png,1.0,1.0,1.0,1.0,2.0,1.0,1.0,1.0,0.5,2.0,0.5,1.0,1.0,0.5,1.0,0.5,1.0,1.0
nidoqueen,31,1,poison,ground,1.3,60.0,505,90,92,87,75,85,76,https://raw.githubusercontent.com/PokeAPI/sprites/master/sprites/pokemon/other/official-artwork/31.png,0.5,1.0,1.0,2.0,2.0,1.0,2.0,1.0,0.5,1.0,0.5,1.0,1.0,1.0,1.0,1.0,2.0,1.0
nidoran-m,32,1,poison,N/A,0.5,9.0,273,46,57,40,40,40,50,https://raw.githubusercontent.com/PokeAPI/sprites/master/sprites/pokemon/other/official-artwork/32.png,1.0,1.0,1.0,1.0,2.0,1.0,1.0,1.0,0.5,2.0,0.5,1.0,1.0,0.5,1.0,0.5,1.0,1.0
nidorino,33,1,poison,N/A,0.9,19.5,365,61,72,57,55,55,65,https://raw.githubusercontent.com/PokeAPI/sprites/master/sprites/pokemon/other/official-artwork/33.png,1.0,1.0,1.0,1.0,2.0,1.0,1.0,1.0,0.5,2.0,0.5,1.0,1.0,0.5,1.0,0.5,1.0,1.0
nidoking,34,1,poison,ground,1.4,62.0,505,81,102,77,85,75,85,https://raw.githubusercontent.com/PokeAPI/sprites/master/sprites/pokemon/other/official-artwork/34.png,0.5,1.0,1.0,2.0,2.0,1.0,2.0,1.0,0.5,1.0,0.5,1.0,1.0,1.0,1.0,1.0,2.0,1.0
clefairy,35,1,fairy,N/A,0.6,7.5,323,70,45,48,60,65,35,https://raw.githubusercontent.com/PokeAPI/sprites/master/sprites/pokemon/other/official-artwork/35.png,1.0,2.0,2.0,1.0,1.0,1.0,0.5,1.0,1.0,1.0,1.0,1.0,1.0,0.5,1.0,1.0,0.5,1.0
clefable,36,1,fairy,N/A,1.3,40.0,483,95,70,73,95,90,60,https://raw.githubusercontent.com/PokeAPI/sprites/master/sprites/pokemon/other/official-artwork/36.png,1.0,2.0,2.0,1.0,1.0,1.0,0.5,1.0,1.0,1.0,1.0,1.0,1.0,0.5,1.0,1.0,0.5,1.0
vulpix,37,1,fire,N/A,0.6,9.9,299,38,41,40,50,65,65,https://raw.githubusercontent.com/PokeAPI/sprites/master/sprites/pokemon/other/official-artwork/37.png,2.0,1.0,0.5,1.0,1.0,1.0,0.5,1.0,1.0,2.0,1.0,2.0,1.0,1.0,1.0,0.5,2.0,0.5
ninetales,38,1,fire,N/A,1.1,19.9,505,73,76,75,81,100,100,https://raw.githubusercontent.com/PokeAPI/sprites/master/sprites/pokemon/other/official-artwork/38.png,2.0,1.0,0.5,1.0,1.0,1.0,0.5,1.0,1.0,2.0,1.0,2.0,1.0,1.0,1.0,0.5,2.0,0.5
jigglypuff,39,1,normal,fairy,0.5,5.5,270,115,45,20,45,25,20,https://raw.githubusercontent.com/PokeAPI/sprites/master/sprites/pokemon/other/official-artwork/39.png,1.0,2.0,2.0,1.0,1.0,1.0,0.5,1.0,1.0,1.0,1.0,1.0,1.0,0.5,1.0,0.5,0.25,1.0
wigglytuff,40,1,normal,fairy,1.0,12.0,435,140,70,45,85,50,45,https://raw.githubusercontent.com/PokeAPI/sprites/master/sprites/pokemon/other/official-artwork/40.png,1.0,2.0,2.0,1.0,1.0,1.0,0.5,1.0,1.0,1.0,1.0,1.0,1.0,0.5,1.0,0.5,0.25,1.0
zubat,41,1,poison,flying,0.8,7.5,245,40,45,35,30,40,55,https://raw.githubusercontent.com/PokeAPI/sprites/master/sprites/pokemon/other/official-artwork/41.png,2.0,1.0,1.0,0.5,2.0,1.0,1.0,1.0,0.5,4.0,0.5,1.0,1.0,0.5,1.0,0.25,0.5,1.0
golbat,42,1,poison,flying,1.6,55.0,455,75,80,70,65,75,90,https://raw.githubusercontent.com/PokeAPI/sprites/master/sprites/pokemon/other/official-artwork/42.png,2.0,1.0,1.0,0.5,2.0,1.0,1.0,1.0,0.5,4.0,0.5,1.0,1.0,0.5,1.0,0.25,0.5,1.0
oddish,43,1,grass,poison,0.5,5.4,320,45,50,55,75,65,30,https://raw.githubusercontent.com/PokeAPI/sprites/master/sprites/pokemon/other/official-artwork/43.png,0.5,1.0,0.5,1.0,2.0,1.0,0.5,0.5,0.5,1.0,1.0,1.0,1.0,0.25,1.0,1.0,0.5,2.0
gloom,44,1,grass,poison,0.8,8.6,395,60,65,70,85,75,40,https://raw.githubusercontent.com/PokeAPI/sprites/master/sprites/pokemon/other/official-artwork/44.png,0.5,1.0,0.5,1.0,2.0,1.0,0.5,0.5,0.5,1.0,1.0,1.0,1.0,0.25,1.0,1.0,0.5,2.0
vileplume,45,1,grass,poison,1.2,18.6,490,75,80,85,110,90,50,https://raw.githubusercontent.com/PokeAPI/sprites/master/sprites/pokemon/other/official-artwork/45.png,0.5,1.0,0.5,1.0,2.0,1.0,0.5,0.5,0.5,1.0,1.0,1.0,1.0,0.25,1.0,1.0,0.5,2.0
paras,46,1,bug,grass,0.3,5.4,285,35,70,55,45,55,25,https://raw.githubusercontent.com/PokeAPI/sprites/master/sprites/pokemon/other/official-artwork/46.png,0.5,2.0,0.5,1.0,0.5,1.0,0.25,0.25,0.5,1.0,2.0,1.0,1.0,0.25,2.0,2.0,0.25,2.0
parasect,47,1,bug,grass,1.0,29.5,405,60,95,80,60,80,30,https://raw.githubusercontent.com/PokeAPI/sprites/master/sprites/pokemon/other/official-artwork/47.png,0.5,2.0,0.5,1.0,0.5,1.0,0.25,0.25,0.5,1.0,2.0,1.0,1.0,0.25,2.0,2.0,0.25,2.0
venonat,48,1,bug,poison,1.0,30.0,305,60,55,50,40,55,45,https://raw.githubusercontent.com/PokeAPI/sprites/master/sprites/pokemon/other/official-artwork/48.png,1.0,2.0,1.0,1.0,1.0,1.0,0.5,0.5,0.25,4.0,0.5,1.0,1.0,0.25,2.0,0.5,0.5,1.0
venomoth,49,1,bug,poison,1.5,12.5,450,70,65,60,90,75,90,https://raw.githubusercontent.com/PokeAPI/sprites/master/sprites/pokemon/other/official-artwork/49.png,1.0,2.0,1.0,1.0,1.0,1.0,0.5,0.5,0.25,4.0,0.5,1.0,1.0,0.25,2.0,0.5,0.5,1.0
diglett,50,1,ground,N/A,0.2,0.8,265,10,55,25,35,45,95,https://raw.githubusercontent.com/PokeAPI/sprites/master/sprites/pokemon/other/official-artwork/50.png,0.5,1.0,1.0,2.0,1.0,1.0,2.0,1.0,1.0,0.5,1.0,1.0,1.0,2.0,1.0,2.0,2.0,1.0
dugtrio,51,1,ground,N/A,0.7,33.3,425,35,100,50,50,70,120,https://raw.githubusercontent.com/PokeAPI/sprites/master/sprites/pokemon/other/official-artwork/51.png,0.5,1.0,1.0,2.0,1.0,1.0,2.0,1.0,1.0,0.5,1.0,1.0,1.0,2.0,1.0,2.0,2.0,1.0
meowth,52,1,normal,N/A,0.4,4.2,290,40,45,35,40,40,90,https://raw.githubusercontent.com/PokeAPI/sprites/master/sprites/pokemon/other/official-artwork/52.png,1.0,1.0,1.0,1.0,1.0,1.0,1.0,1.0,1.0,1.0,1.0,1.0,1.0,1.0,1.0,0.5,0.5,1.0
persian,53,1,normal,N/A,1.0,32.0,440,65,70,60,65,65,115,https://raw.githubusercontent.com/PokeAPI/sprites/master/sprites/pokemon/other/official-artwork/53.png,1.0,1.0,1.0,1.0,1.0,1.0,1.0,1.0,1.0,1.0,1.0,1.0,1.0,1.0,1.0,0.5,0.5,1.0
psyduck,54,1,water,N/A,0.8,19.6,320,50,52,48,65,50,55,https://raw.githubusercontent.com/PokeAPI/sprites/master/sprites/pokemon/other/official-artwork/54.png,1.0,1.0,0.5,1.0,1.0,1.0,2.0,1.0,1.0,0.5,2.0,1.0,1.0,1.0,1.0,2.0,1.0,0.5
golduck,55,1,water,N/A,1.7,76.6,500,80,82,78,95,80,85,https://raw.githubusercontent.com/PokeAPI/sprites/master/sprites/pokemon/other/official-artwork/55.png,1.0,1.0,0.5,1.0,1.0,1.0,2.0,1.0,1.0,0.5,2.0,1.0,1.0,1.0,1.0,2.0,1.0,0.5
mankey,56,1,fighting,N/A,0.5,28.0,305,40,80,35,35,45,70,https://raw.githubusercontent.com/PokeAPI/sprites/master/sprites/pokemon/other/official-artwork/56.png,0.5,2.0,1.0,1.0,0.5,1.0,1.0,0.5,1.0,1.0,1.0,2.0,2.0,0.5,0.5,2.0,2.0,1.0
primeape,57,1,fighting,N/A,1.0,32.0,455,65,105,60,60,70,95,https://raw.githubusercontent.com/PokeAPI/sprites/master/sprites/pokemon/other/official-artwork/57.png,0.5,2.0,1.0,1.0,0.5,1.0,1.0,0.5,1.0,1.0,1.0,2.0,2.0,0.5,0.5,2.0,2.0,1.0
growlithe,58,1,fire,N/A,0.7,19.0,350,55,70,45,70,50,60,https://raw.githubusercontent.com/PokeAPI/sprites/master/sprites/pokemon/other/official-artwork/58.png,2.0,1.0,0.5,1.0,1.0,1.0,0.5,1.0,1.0,2.0,1.0,2.0,1.0,1.0,1.0,0.5,2.0,0.5
arcanine,59,1,fire,N/A,1.9,155.0,555,90,110,80,100,80,95,https://raw.githubusercontent.com/PokeAPI/sprites/master/sprites/pokemon/other/official-artwork/59.png,2.0,1.0,0.5,1.0,1.0,1.0,0.5,1.0,1.0,2.0,1.0,2.0,1.0,1.0,1.0,0.5,2.0,0.5
poliwag,60,1,water,N/A,0.6,12.4,300,40,50,40,40,40,90,https://raw.githubusercontent.com/PokeAPI/sprites/master/sprites/pokemon/other/official-artwork/60.png,1.0,1.0,0.5,1.0,1.0,1.0,2.0,1.0,1.0,0.5,2.0,1.0,1.0,1.0,1.0,2.0,1.0,0.5
poliwhirl,61,1,water,N/A,1.0,20.0,385,65,65,65,50,50,90,https://raw.githubusercontent.com/PokeAPI/sprites/master/sprites/pokemon/other/official-artwork/61.png,1.0,1.0,0.5,1.0,1.0,1.0,2.0,1.0,1.0,0.5,2.0,1.0,1.0,1.0,1.0,2.0,1.0,0.5
poliwrath,62,1,water,fighting,1.3,54.0,510,90,95,95,70,90,70,https://raw.githubusercontent.com/PokeAPI/sprites/master/sprites/pokemon/other/official-artwork/62.png,0.5,2.0,0.5,1.0,0.5,1.0,2.0,0.5,1.0,0.5,2.0,2.0,2.0,0.5,0.5,4.0,2.0,0.5
abra,63,1,psychic,N/A,0.9,19.5,310,25,20,15,105,55,90,https://raw.githubusercontent.com/PokeAPI/sprites/master/sprites/pokemon/other/official-artwork/63.png,1.0,1.0,1.0,1.0,1.0,1.0,1.0,1.0,1.0,1.0,1.0,1.0,1.0,2.0,0.5,1.0,0.5,1.0
kadabra,64,1,psychic,N/A,1.3,56.5,400,40,35,30,120,70,105,https://raw.githubusercontent.com/PokeAPI/sprites/master/sprites/pokemon/other/official-artwork/64.png,1.0,1.0,1.0,1.0,1.0,1.0,1.0,1.0,1.0,1.0,1.0,1.0,1.0,2.0,0.5,1.0,0.5,1.0
alakazam,65,1,psychic,N/A,1.5,48.0,500,55,50,45,135,95,120,https://raw.githubusercontent.com/PokeAPI/sprites/master/sprites/pokemon/other/official-artwork/65.png,1.0,1.0,1.0,1.0,1.0,1.0,1.0,1.0,1.0,1.0,1.0,1.0,1.0,2.0,0.5,1.0,0.5,1.0
machop,66,1,fighting,N/A,0.8,19.5,305,70,80,50,35,35,35,https://raw.githubusercontent.com/PokeAPI/sprites/master/sprites/pokemon/other/official-artwork/66.png,0.5,2.0,1.0,1.0,0.5,1.0,1.0,0.5,1.0,1.0,1.0,2.0,2.0,0.5,0.5,2.0,2.0,1.0
machoke,67,1,fighting,N/A,1.5,70.5,405,80,100,70,50,60,45,https://raw.githubusercontent.com/PokeAPI/sprites/master/sprites/pokemon/other/official-artwork/67.png,0.5,2.0,1.0,1.0,0.5,1.0,1.0,0.5,1.0,1.0,1.0,2.0,2.0,0.5,0.5,2.0,2.0,1.0
machamp,68,1,fighting,N/A,1.6,130.0,505,90,130,80,65,85,55,https://raw.githubusercontent.com/PokeAPI/sprites/master/sprites/pokemon/other/official-artwork/68.png,0.5,2.0,1.0,1.0,0.5,1.0,1.0,0.5,1.0,1.0,1.0,2.0,2.0,0.5,0.5,2.0,2.0,1.0
bellsprout,69,1,grass,poison,0.7,4.0,300,50,75,35,70,30,40,https://raw.githubusercontent.com/PokeAPI/sprites/master/sprites/pokemon/other/official-artwork/69.png,0.5,1.0,0.5,1.0,2.0,1.0,0.5,0.5,0.5,1.0,1.0,1.0,1.0,0.25,1.0,1.0,0.5,2.0
weepinbell,70,1,grass,poison,1.0,6.4,390,65,90,50,85,45,55,https://raw.githubusercontent.com/PokeAPI/sprites/master/sprites/pokemon/other/official-artwork/70.png,0.5,1.0,0.5,1.0,2.0,1.0,0.5,0.5,0.5,1.0,1.0,1.0,1.0,0.25,1.0,1.0,0.5,2.0
victreebel,71,1,grass,poison,1.7,15.5,490,80,105,65,100,70,70,https://raw.githubusercontent.com/PokeAPI/sprites/master/sprites/pokemon/other/official-artwork/71.png,0.5,1.0,0.5,1.0,2.0,1.0,0.5,0.5,0.5,1.0,1.0,1.0,1.0,0.25,1.0,1.0,0.5,2.0
tentacool,72,1,water,poison,0.9,45.5,335,40,40,35,50,100,70,https://raw.githubusercontent.com/PokeAPI/sprites/master/sprites/pokemon/other/official-artwork/72.png,1.0,1.0,0.5,1.0,2.0,1.0,2.0,1.0,0.5,1.0,1.0,1.0,1.0,0.5,1.0,1.0,1.0,0.5
tentacruel,73,1,water,poison,1.6,55.0,515,80,70,65,80,120,100,https://raw.githubusercontent.com/PokeAPI/sprites/master/sprites/pokemon/other/official-artwork/73.png,1.0,1.0,0.5,1.0,2.0,1.0,2.0,1.0,0.5,1.0,1.0,1.0,1.0,0.5,1.0,1.0,1.0,0.5
geodude,74,1,rock,ground,0.4,20.0,300,40,80,100,30,30,20,https://raw.githubusercontent.com/PokeAPI/sprites/master/sprites/pokemon/other/official-artwork/74.png,1.0,1.0,1.0,2.0,1.0,1.0,4.0,2.0,1.0,0.5,0.5,2.0,1.0,2.0,1.0,2.0,1.0,1.0
graveler,75,1,rock,ground,1.0,105.0,390,55,95,115,45,45,35,https://raw.githubusercontent.com/PokeAPI/sprites/master/sprites/pokemon/other/official-artwork/75.png,1.0,1.0,1.0,2.0,1.0,1.0,4.0,2.0,1.0,0.5,0.5,2.0,1.0,2.0,1.0,2.0,1.0,1.0
golem,76,1,rock,ground,1.4,300.0,495,80,120,130,55,65,45,https://raw.githubusercontent.com/PokeAPI/sprites/master/sprites/pokemon/other/official-artwork/76.png,1.0,1.0,1.0,2.0,1.0,1.0,4.0,2.0,1.0,0.5,0.5,2.0,1.0,2.0,1.0,2.0,1.0,1.0
ponyta,77,1,fire,N/A,1.0,30.0,410,50,85,55,65,65,90,https://raw.githubusercontent.com/PokeAPI/sprites/master/sprites/pokemon/other/official-artwork/77.png,2.0,1.0,0.5,1.0,1.0,1.0,0.5,1.0,1.0,2.0,1.0,2.0,1.0,1.0,1.0,0.5,2.0,0.5
rapidash,78,1,fire,N/A,1.7,95.0,500,65,100,70,80,80,105,https://raw.githubusercontent.com/PokeAPI/sprites/master/sprites/pokemon/other/official-artwork/78.png,2.0,1.0,0.5,1.0,1.0,1.0,0.5,1.0,1.0,2.0,1.0,2.0,1.0,1.0,1.0,0.5,2.0,0.5
slowpoke,79,1,water,psychic,1.2,36.0,315,90,65,65,40,40,15,https://raw.githubusercontent.com/PokeAPI/sprites/master/sprites/pokemon/other/official-artwork/79.png,1.0,1.0,0.5,1.0,1.0,1.0,2.0,1.0,1.0,0.5,2.0,1.0,1.0,2.0,0.5,2.0,0.5,0.5
slowbro,80,1,water,psychic,1.6,78.5,490,95,75,110,100,80,30,https://raw.githubusercontent.com/PokeAPI/sprites/master/sprites/pokemon/other/official-artwork/80.png,1.0,1.0,0.5,1.0,1.0,1.0,2.0,1.0,1.0,0.5,2.0,1.0,1.0,2.0,0.5,2.0,0.5,0.5
magnemite,81,1,electric,steel,0.3,6.0,325,25,35,70,95,55,45,https://raw.githubusercontent.com/PokeAPI/sprites/master/sprites/pokemon/other/official-artwork/81.png,1.0,1.0,0.5,0.25,2.0,1.0,0.5,2.0,1.0,0.5,1.0,2.0,1.0,1.0,1.0,2.0,0.5,1.0
magneton,82,1,electric,steel,1.0,60.0,465,50,60,95,120,70,70,https://raw.githubusercontent.com/PokeAPI/sprites/master/sprites/pokemon/other/official-artwork/82.png,1.0,1.0,0.5,0.25,2.0,1.0,0.5,2.0,1.0,0.5,1.0,2.0,1.0,1.0,1.0,2.0,0.5,1.0
farfetchd,83,1,normal,flying,0.8,15.0,377,52,90,55,58,62,60,https://raw.githubusercontent.com/PokeAPI/sprites/master/sprites/pokemon/other/official-artwork/83.png,2.0,1.0,1.0,0.5,1.0,1.0,1.0,1.0,1.0,2.0,1.0,1.0,1.0,1.0,1.0,0.25,0.25,1.0
doduo,84,1,normal,flying,1.4,39.2,310,35,85,45,35,35,75,https://raw.githubusercontent.com/PokeAPI/sprites/master/sprites/pokemon/other/official-artwork/84.png,2.0,1.0,1.0,0.5,1.0,1.0,1.0,1.0,1.0,2.0,1.0,1.0,1.0,1.0,1.0,0.25,0.25,1.0
dodrio,85,1,normal,flying,1.8,85.2,470,60,110,70,60,60,110,https://raw.githubusercontent.com/PokeAPI/sprites/master/sprites/pokemon/other/official-artwork/85.png,2.0,1.0,1.0,0.5,1.0,1.0,1.0,1.0,1.0,2.0,1.0,1.0,1.0,1.0,1.0,0.25,0.25,1.0
seel,86,1,water,N/A,1.1,90.0,325,65,45,55,45,70,45,https://raw.githubusercontent.com/PokeAPI/sprites/master/sprites/pokemon/other/official-artwork/86.png,1.0,1.0,0.5,1.0,1.0,1.0,2.0,1.0,1.0,0.5,2.0,1.0,1.0,1.0,1.0,2.0,1.0,0.5
dewgong,87,1,water,ice,1.7,120.0,475,90,70,80,70,95,70,https://raw.githubusercontent.com/PokeAPI/sprites/master/sprites/pokemon/other/official-artwork/87.png,1.0,1.0,1.0,1.0,1.0,1.0,1.0,2.0,1.0,1.0,4.0,0.5,1.0,1.0,1.0,2.0,0.5,0.25
grimer,88,1,poison,N/A,0.9,30.0,325,80,80,50,40,50,25,https://raw.githubusercontent.com/PokeAPI/sprites/master/sprites/pokemon/other/official-artwork/88.png,1.0,1.0,1.0,1.0,2.0,1.0,1.0,1.0,0.5,2.0,0.5,1.0,1.0,0.5,1.0,0.5,1.0,1.0
muk,89,1,poison,N/A,1.2,30.0,500,105,105,75,65,100,50,https://raw.githubusercontent.com/PokeAPI/sprites/master/sprites/pokemon/other/official-artwork/89.png,1.0,1.0,1.0,1.0,2.0,1.0,1.0,1.0,0.5,2.0,0.5,1.0,1.0,0.5,1.0,0.5,1.0,1.0
shellder,90,1,water,N/A,0.3,4.0,305,30,65,100,45,25,40,https://raw.githubusercontent.com/PokeAPI/sprites/master/sprites/pokemon/other/official-artwork/90.png,1.0,1.0,0.5,1.0,1.0,1.0,2.0,1.0,1.0,0.5,2.0,1.0,1.0,1.0,1.0,2.0,1.0,0.5
cloyster,91,1,water,ice,1.5,132.5,525,50,95,180,85,45,70,https://raw.githubusercontent.com/PokeAPI/sprites/master/sprites/pokemon/other/official-artwork/91.png,1.0,1.0,1.0,1.0,1.0,1.0,1.0,2.0,1.0,1.0,4.0,0.5,1.0,1.0,1.0,2.0,0.5,0.25
gastly,92,1,ghost,poison,1.3,0.1,310,30,35,30,100,35,80,https://raw.githubusercontent.com/PokeAPI/sprites/master/sprites/pokemon/other/official-artwork/92.png,1.0,0.5,1.0,1.0,2.0,1.0,1.0,1.0,1.0,2.0,0.5,1.0,1.0,0.5,2.0,0.5,1.0,1.0
haunter,93,1,ghost,poison,1.6,0.1,405,45,50,45,115,55,95,https://raw.githubusercontent.com/PokeAPI/sprites/master/sprites/pokemon/other/official-artwork/93.png,1.0,0.5,1.0,1.0,2.0,1.0,1.0,1.0,1.0,2.0,0.5,1.0,1.0,0.5,2.0,0.5,1.0,1.0
gengar,94,1,ghost,poison,1.5,40.5,500,60,65,60,130,75,110,https://raw.githubusercontent.com/PokeAPI/sprites/master/sprites/pokemon/other/official-artwork/94.png,1.0,0.5,1.0,1.0,2.0,1.0,1.0,1.0,1.0,2.0,0.5,1.0,1.0,0.5,2.0,0.5,1.0,1.0
onix,95,1,rock,ground,8.8,210.0,385,35,45,160,30,45,70,https://raw.githubusercontent.com/PokeAPI/sprites/master/sprites/pokemon/other/official-artwork/95.png,1.0,1.0,1.0,2.0,1.0,1.0,4.0,2.0,1.0,0.5,0.5,2.0,1.0,2.0,1.0,2.0,1.0,1.0
drowzee,96,1,psychic,N/A,1.0,32.4,328,60,48,45,43,90,42,https://raw.githubusercontent.com/PokeAPI/sprites/master/sprites/pokemon/other/official-artwork/96.png,1.0,1.0,1.0,1.0,1.0,1.0,1.0,1.0,1.0,1.0,1.0,1.0,1.0,2.0,0.5,1.0,0.5,1.0
hypno,97,1,psychic,N/A,1.6,75.6,483,85,73,70,73,115,67,https://raw.githubusercontent.com/PokeAPI/sprites/master/sprites/pokemon/other/official-artwork/97.png,1.0,1.0,1.0,1.0,1.0,1.0,1.0,1.0,1.0,1.0,1.0,1.0,1.0,2.0,0.5,1.0,0.5,1.0
krabby,98,1,water,N/A,0.4,6.5,325,30,105,90,25,25,50,https://raw.githubusercontent.com/PokeAPI/sprites/master/sprites/pokemon/other/official-artwork/98.png,1.0,1.0,0.5,1.0,1.0,1.0,2.0,1.0,1.0,0.5,2.0,1.0,1.0,1.0,1.0,2.0,1.0,0.5
kingler,99,1,water,N/A,1.3,60.0,475,55,130,115,50,50,75,https://raw.githubusercontent.com/PokeAPI/sprites/master/sprites/pokemon/other/official-artwork/99.png,1.0,1.0,0.5,1.0,1.0,1.0,2.0,1.0,1.0,0.5,2.0,1.0,1.0,1.0,1.0,2.0,1.0,0.5
voltorb,100,1,electric,N/A,0.5,10.4,330,40,30,50,55,55,100,https://raw.githubusercontent.com/PokeAPI/sprites/master/sprites/pokemon/other/official-artwork/100.png,1.0,1.0,0.5,0.5,1.0,1.0,1.0,2.0,1.0,0.5,1.0,1.0,1.0,1.0,1.0,1.0,1.0,2.0
electrode,101,1,electric,N/A,1.2,66.6,490,60,50,70,80,80,150,https://raw.githubusercontent.com/PokeAPI/sprites/master/sprites/pokemon/other/official-artwork/101.png,1.0,1.0,0.5,0.5,1.0,1.0,1.0,2.0,1.0,0.5,1.0,1.0,1.0,1.0,1.0,1.0,1.0,2.0
exeggcute,102,1,grass,psychic,0.4,2.5,325,60,40,80,60,45,40,https://raw.githubusercontent.com/PokeAPI/sprites/master/sprites/pokemon/other/official-artwork/102.png,0.5,1.0,0.5,1.0,1.0,1.0,0.5,0.5,1.0,0.5,2.0,1.0,1.0,1.0,0.5,2.0,0.25,2.0
exeggutor,103,1,grass,psychic,2.0,120.0,530,95,95,85,125,75,55,https://raw.githubusercontent.com/PokeAPI/sprites/master/sprites/pokemon/other/official-artwork/103.png,0.5,1.0,0.5,1.0,1.0,1.0,0.5,0.5,1.0,0.5,2.0,1.0,1.0,1.0,0.5,2.0,0.25,2.0
cubone,104,1,ground,N/A,0.4,6.5,320,50,50,95,40,50,35,https://raw.githubusercontent.com/PokeAPI/sprites/master/sprites/pokemon/other/official-artwork/104.png,0.5,1.0,1.0,2.0,1.0,1.0,2.0,1.0,1.0,0.5,1.0,1.0,1.0,2.0,1.0,2.0,2.0,1.0
marowak,105,1,ground,N/A,1.0,45.0,425,60,80,110,50,80,45,https://raw.githubusercontent.com/PokeAPI/sprites/master/sprites/pokemon/other/official-artwork/105.png,0.5,1.0,1.0,2.0,1.0,1.0,2.0,1.0,1.0,0.5,1.0,1.0,1.0,2.0,1.0,2.0,2.0,1.0
hitmonlee,106,1,fighting,N/A,1.5,49.8,455,50,120,53,35,110,87,https://raw.githubusercontent.com/PokeAPI/sprites/master/sprites/pokemon/other/official-artwork/106.png,0.5,2.0,1.0,1.0,0.5,1.0,1.0,0.5,1.0,1.0,1.0,2.0,2.0,0.5,0.5,2.0,2.0,1.0
hitmonchan,107,1,fighting,N/A,1.4,50.2,455,50,105,79,35,110,76,https://raw.githubusercontent.com/PokeAPI/sprites/master/sprites/pokemon/other/official-artwork/107.png,0.5,2.0,1.0,1.0,0.5,1.0,1.0,0.5,1.0,1.0,1.0,2.0,2.0,0.5,0.5,2.0,2.0,1.0
lickitung,108,1,normal,N/A,1.2,65.5,385,90,55,75,60,75,30,https://raw.githubusercontent.com/PokeAPI/sprites/master/sprites/pokemon/other/official-artwork/108.png,1.0,1.0,1.0,1.0,1.0,1.0,1.0,1.0,1.0,1.0,1.0,1.0,1.0,1.0,1.0,0.5,0.5,1.0
koffing,109,1,poison,N/A,0.6,1.0,340,40,65,95,60,45,35,https://raw.githubusercontent.com/PokeAPI/sprites/master/sprites/pokemon/other/official-artwork/109.png,1.0,1.0,1.0,1.0,2.0,1.0,1.0,1.0,0.5,2.0,0.5,1.0,1.0,0.5,1.0,0.5,1.0,1.0
weezing,110,1,poison,N/A,1.2,9.5,490,65,90,120,85,70,60,https://raw.githubusercontent.com/PokeAPI/sprites/master/sprites/pokemon/other/official-artwork/110.png,1.0,1.0,1.0,1.0,2.0,1.0,1.0,1.0,0.5,2.0,0.5,1.0,1.0,0.5,1.0,0.5,1.0,1.0
rhyhorn,111,1,ground,rock,1.0,115.0,345,80,85,95,30,30,25,https://raw.githubusercontent.com/PokeAPI/sprites/master/sprites/pokemon/other/official-artwork/111.png,1.0,1.0,1.0,2.0,1.0,1.0,4.0,2.0,1.0,0.5,0.5,2.0,1.0,2.0,1.0,2.0,1.0,1.0
rhydon,112,1,ground,rock,1.9,120.0,485,105,130,120,45,45,40,https://raw.githubusercontent.com/PokeAPI/sprites/master/sprites/pokemon/other/official-artwork/112.png,1.0,1.0,1.0,2.0,1.0,1.0,4.0,2.0,1.0,0.5,0.5,2.0,1.0,2.0,1.0,2.0,1.0,1.0
chansey,113,1,normal,N/A,1.1,34.6,450,250,5,5,35,105,50,https://raw.githubusercontent.com/PokeAPI/sprites/master/sprites/pokemon/other/official-artwork/113.png,1.0,1.0,1.0,1.0,1.0,1.0,1.0,1.0,1.0,1.0,1.0,1.0,1.0,1.0,1.0,0.5,0.5,1.0
tangela,114,1,grass,N/A,1.0,35.0,435,65,55,115,100,40,60,https://raw.githubusercontent.com/PokeAPI/sprites/master/sprites/pokemon/other/official-artwork/114.png,0.5,1.0,0.5,1.0,1.0,1.0,0.5,0.5,1.0,0.5,2.0,1.0,1.0,0.5,1.0,2.0,0.5,2.0
kangaskhan,115,1,normal,N/A,2.2,80.0,490,105,95,80,40,80,90,https://raw.githubusercontent.com/PokeAPI/sprites/master/sprites/pokemon/other/official-artwork/115.png,1.0,1.0,1.0,1.0,1.0,1.0,1.0,1.0,1.0,1.0,1.0,1.0,1.0,1.0,1.0,0.5,0.5,1.0
horsea,116,1,water,N/A,0.4,8.0,295,30,40,70,70,25,60,https://raw.githubusercontent.com/PokeAPI/sprites/master/sprites/pokemon/other/official-artwork/116.png,1.0,1.0,0.5,1.0,1.0,1.0,2.0,1.0,1.0,0.5,2.0,1.0,1.0,1.0,1.0,2.0,1.0,0.5
seadra,117,1,water,N/A,1.2,25.0,440,55,65,95,95,45,85,https://raw.githubusercontent.com/PokeAPI/sprites/master/sprites/pokemon/other/official-artwork/117.png,1.0,1.0,0.5,1.0,1.0,1.0,2.0,1.0,1.0,0.5,2.0,1.0,1.0,1.0,1.0,2.0,1.0,0.5
goldeen,118,1,water,N/A,0.6,15.0,320,45,67,60,35,50,63,https://raw.githubusercontent.com/PokeAPI/sprites/master/sprites/pokemon/other/official-artwork/118.png,1.0,1.0,0.5,1.0,1.0,1.0,2.0,1.0,1.0,0.5,2.0,1.0,1.0,1.0,1.0,2.0,1.0,0.5
seaking,119,1,water,N/A,1.3,39.0,450,80,92,65,65,80,68,https://raw.githubusercontent.com/PokeAPI/sprites/master/sprites/pokemon/other/official-artwork/119.png,1.0,1.0,0.5,1.0,1.0,1.0,2.0,1.0,1.0,0.5,2.0,1.0,1.0,1.0,1.0,2.0,1.0,0.5
staryu,120,1,water,N/A,0.8,34.5,340,30,45,55,70,55,85,https://raw.githubusercontent.com/PokeAPI/sprites/master/sprites/pokemon/other/official-artwork/120.png,1.0,1.0,0.5,1.0,1.0,1.0,2.0,1.0,1.0,0.5,2.0,1.0,1.0,1.0,1.0,2.0,1.0,0.5
starmie,121,1,water,psychic,1.1,80.0,520,60,75,85,100,85,115,https://raw.githubusercontent.com/PokeAPI/sprites/master/sprites/pokemon/other/official-artwork/121.png,1.0,1.0,0.5,1.0,1.0,1.0,2.0,1.0,1.0,0.5,2.0,1.0,1.0,2.0,0.5,2.0,0.5,0.5
mr-mime,122,1,psychic,fairy,1.3,54.5,460,40,45,65,100,120,90,https://raw.githubusercontent.com/PokeAPI/sprites/master/sprites/pokemon/other/official-artwork/122.png,1.0,2.0,2.0,1.0,1.0,1.0,0.5,1.0,1.0,1.0,1.0,1.0,1.0,1.0,0.5,1.0,0.25,1.0
scyther,123,1,bug,flying,1.5,56.0,500,70,110,80,55,80,105,https://raw.githubusercontent.com/PokeAPI/sprites/master/sprites/pokemon/other/official-artwork/123.png,2.0,2.0,1.0,0.5,0.5,1.0,0.5,0.5,0.5,4.0,1.0,1.0,1.0,0.5,2.0,0.5,0.25,1.0
jynx,124,1,ice,psychic,1.4,40.6,455,65,50,35,115,95,95,https://raw.githubusercontent.com/PokeAPI/sprites/master/sprites/pokemon/other/official-artwork/124.png,1.0,1.0,2.0,1.0,1.0,1.0,0.5,2.0,1.0,2.0,2.0,0.5,1.0,2.0,0.5,1.0,0.25,0.5
electabuzz,125,1,electric,N/A,1.1,30.0,490,65,83,57,95,85,105,https://raw.githubusercontent.com/PokeAPI/sprites/master/sprites/pokemon/other/official-artwork/125.png,1.0,1.0,0.5,0.5,1.0,1.0,1.0,2.0,1.0,0.5,1.0,1.0,1.0,1.0,1.0,1.0,1.0,2.0
magmar,126,1,fire,N/A,1.3,44.5,495,65,95,57,100,85,93,https://raw.githubusercontent.com/PokeAPI/sprites/master/sprites/pokemon/other/official-artwork/126.png,2.0,1.0,0.5,1.0,1.0,1.0,0.5,1.0,1.0,2.0,1.0,2.0,1.0,1.0,1.0,0.5,2.0,0.5
pinsir,127,1,bug,N/A,1.5,55.0,500,65,125,100,55,70,85,https://raw.githubusercontent.com/PokeAPI/sprites/master/sprites/pokemon/other/official-artwork/127.png,1.0,2.0,1.0,1.0,0.5,1.0,0.5,0.5,0.5,2.0,1.0,1.0,1.0,0.5,2.0,1.0,0.5,1.0
tauros,128,1,normal,N/A,1.4,88.4,490,75,100,95,40,70,110,https://raw.githubusercontent.com/PokeAPI/sprites/master/sprites/pokemon/other/official-artwork/128.png,1.0,1.0,1.0,1.0,1.0,1.0,1.0,1.0,1.0,1.0,1.0,1.0,1.0,1.0,1.0,0.5,0.5,1.0
magikarp,129,1,water,N/A,0.9,10.0,200,20,10,55,15,20,80,https://raw.githubusercontent.com/PokeAPI/sprites/master/sprites/pokemon/other/official-artwork/129.png,1.0,1.0,0.5,1.0,1.0,1.0,2.0,1.0,1.0,0.5,2.0,1.0,1.0,1.0,1.0,2.0,1.0,0.5
gyarados,130,1,water,flying,6.5,235.0,540,95,125,79,60,100,81,https://raw.githubusercontent.com/PokeAPI/sprites/master/sprites/pokemon/other/official-artwork/130.png,2.0,1.0,0.5,0.5,1.0,1.0,2.0,1.0,1.0,1.0,2.0,1.0,1.0,1.0,1.0,1.0,0.5,0.5
lapras,131,1,water,ice,2.5,220.0,535,130,85,80,85,95,60,https://raw.githubusercontent.com/PokeAPI/sprites/master/sprites/pokemon/other/official-artwork/131.png,1.0,1.0,1.0,1.0,1.0,1.0,1.0,2.0,1.0,1.0,4.0,0.5,1.0,1.0,1.0,2.0,0.5,0.25
ditto,132,1,normal,N/A,0.3,4.0,288,48,48,48,48,48,48,https://raw.githubusercontent.com/PokeAPI/sprites/master/sprites/pokemon/other/official-artwork/132.png,1.0,1.0,1.0,1.0,1.0,1.0,1.0,1.0,1.0,1.0,1.0,1.0,1.0,1.0,1.0,0.5,0.5,1.0
eevee,133,1,normal,N/A,0.3,6.5,325,55,55,50,45,65,55,https://raw.githubusercontent.com/PokeAPI/sprites/master/sprites/pokemon/other/official-artwork/133.png,1.0,1.0,1.0,1.0,1.0,1.0,1.0,1.0,1.0,1.0,1.0,1.0,1.0,1.0,1.0,0.5,0.5,1.0
vaporeon,134,1,water,N/A,1.0,29.0,525,130,65,60,110,95,65,https://raw.githubusercontent.com/PokeAPI/sprites/master/sprites/pokemon/other/official-artwork/134.png,1.0,1.0,0.5,1.0,1.0,1.0,2.0,1.0,1.0,0.5,2.0,1.0,1.0,1.0,1.0,2.0,1.0,0.5
jolteon,135,1,electric,N/A,0.8,24.5,525,65,65,60,110,95,130,https://raw.githubusercontent.com/PokeAPI/sprites/master/sprites/pokemon/other/official-artwork/135.png,1.0,1.0,0.5,0.5,1.0,1.0,1.0,2.0,1.0,0.5,1.0,1.0,1.0,1.0,1.0,1.0,1.0,2.0
flareon,136,1,fire,N/A,0.9,25.0,525,65,130,60,95,110,65,https://raw.githubusercontent.com/PokeAPI/sprites/master/sprites/pokemon/other/official-artwork/136.png,2.0,1.0,0.5,1.0,1.0,1.0,0.5,1.0,1.0,2.0,1.0,2.0,1.0,1.0,1.0,0.5,2.0,0.5
porygon,137,1,normal,N/A,0.8,36.5,395,65,60,70,85,75,40,https://raw.githubusercontent.com/PokeAPI/sprites/master/sprites/pokemon/other/official-artwork/137.png,1.0,1.0,1.0,1.0,1.0,1.0,1.0,1.0,1.0,1.0,1.0,1.0,1.0,1.0,1.0,0.5,0.5,1.0
omanyte,138,1,rock,water,0.4,7.5,355,35,40,100,90,55,35,https://raw.githubusercontent.com/PokeAPI/sprites/master/sprites/pokemon/other/official-artwork/138.png,2.0,1.0,0.5,1.0,1.0,1.0,4.0,2.0,1.0,0.5,1.0,2.0,1.0,1.0,1.0,2.0,0.5,0.5
omastar,139,1,rock,water,1.0,35.0,495,70,60,125,115,70,55,https://raw.githubusercontent.com/PokeAPI/sprites/master/sprites/pokemon/other/official-artwork/139.png,2.0,1.0,0.5,1.0,1.0,1.0,4.0,2.0,1.0,0.5,1.0,2.0,1.0,1.0,1.0,2.0,0.5,0.5
kabuto,140,1,rock,water,0.5,11.5,355,30,80,90,55,45,55,https://raw.githubusercontent.com/PokeAPI/sprites/master/sprites/pokemon/other/official-artwork/140.png,2.0,1.0,0.5,1.0,1.0,1.0,4.0,2.0,1.0,0.5,1.0,2.0,1.0,1.0,1.0,2.0,0.5,0.5
kabutops,141,1,rock,water,1.3,40.5,495,60,115,105,65,70,80,https://raw.githubusercontent.com/PokeAPI/sprites/master/sprites/pokemon/other/official-artwork/141.png,2.0,1.0,0.5,1.0,1.0,1.0,4.0,2.0,1.0,0.5,1.0,2.0,1.0,1.0,1.0,2.0,0.5,0.5
aerodactyl,142,1,rock,flying,1.8,59.0,515,80,105,65,60,75,130,https://raw.githubusercontent.com/PokeAPI/sprites/master/sprites/pokemon/other/official-artwork/142.png,4.0,1.0,1.0,0.5,1.0,1.0,2.0,2.0,1.0,2.0,0.5,2.0,1.0,1.0,1.0,0.5,0.25,1.0
snorlax,143,1,normal,N/A,2.1,460.0,540,160,110,65,65,110,30,https://raw.githubusercontent.com/PokeAPI/sprites/master/sprites/pokemon/other/official-artwork/143.png,1.0,1.0,1.0,1.0,1.0,1.0,1.0,1.0,1.0,1.0,1.0,1.0,1.0,1.0,1.0,0.5,0.5,1.0
articuno,144,1,ice,flying,1.7,55.4,580,90,85,100,95,125,85,https://raw.githubusercontent.com/PokeAPI/sprites/master/sprites/pokemon/other/official-artwork/144.png,2.0,1.0,2.0,0.5,1.0,1.0,0.5,2.0,1.0,4.0,2.0,0.5,1.0,1.0,1.0,0.5,0.25,0.5
zapdos,145,1,electric,flying,1.6,52.6,580,90,90,85,125,90,100,https://raw.githubusercontent.com/PokeAPI/sprites/master/sprites/pokemon/other/official-artwork/145.png,2.0,1.0,0.5,0.25,1.0,1.0,1.0,2.0,1.0,1.0,1.0,1.0,1.0,1.0,1.0,0.5,0.5,2.0
moltres,146,1,fire,flying,2.0,60.0,580,90,100,90,125,85,90,https://raw.githubusercontent.com/PokeAPI/sprites/master/sprites/pokemon/other/official-artwork/146.png,4.0,1.0,0.5,0.5,1.0,1.0,0.5,1.0,1.0,4.0,1.0,2.0,1.0,1.0,1.0,0.25,1.0,0.5
dratini,147,1,dragon,N/A,1.8,3.3,300,41,64,45,50,50,50,https://raw.githubusercontent.com/PokeAPI/sprites/master/sprites/pokemon/other/official-artwork/147.png,1.0,1.0,2.0,1.0,1.0,1.0,1.0,1.0,1.0,1.0,1.0,1.0,1.0,1.0,1.0,1.0,0.5,1.0
dragonair,148,1,dragon,N/A,4.0,16.5,420,61,84,65,70,70,70,https://raw.githubusercontent.com/PokeAPI/sprites/master/sprites/pokemon/other/official-artwork/148.png,1.0,1.0,2.0,1.0,1.0,1.0,1.0,1.0,1.0,1.0,1.0,1.0,1.0,1.0,1.0,1.0,0.5,1.0
dragonite,149,1,dragon,flying,2.2,210.0,600,91,134,95,100,100,80,https://raw.githubusercontent.com/PokeAPI/sprites/master/sprites/pokemon/other/official-artwork/149.png,2.0,1.0,2.0,0.5,1.0,1.0,1.0,1.0,1.0,2.0,1.0,1.0,1.0,1.0,1.0,0.5,0.25,1.0
mewtwo,150,1,psychic,N/A,2.0,122.0,680,106,110,90,154,90,130,https://raw.githubusercontent.com/PokeAPI/sprites/master/sprites/pokemon/other/official-artwork/150.png,1.0,1.0,1.0,1.0,1.0,1.0,1.0,1.0,1.0,1.0,1.0,1.0,1.0,2.0,0.5,1.0,0.5,1.0
mew,151,1,psychic,N/A,0.4,4.0,600,100,100,100,100,100,100,https://raw.githubusercontent.com/PokeAPI/sprites/master/sprites/pokemon/other/official-artwork/151.png,1.0,1.0,1.0,1.0,1.0,1.0,1.0,1.0,1.0,1.0,1.0,1.0,1.0,2.0,0.5,1.0,0.5,1.0
